Dimmer Model,Manufacturer Link,Series
DVCL-253P,https://www.lutron.com/en-US/products/pages/dimmers/dvcl-253p,DVCL Series
DVCL-153P,https://www.lutron.com/en-US/products/pages/dimmers/dvcl-153p,DVCL Series
CTCL-153P,https://www.lutron.com/en-US/products/pages/dimmers/ctcl-153p,CTCL Series
SCL-153P,https://www.lutron.com/en-US/products/pages/dimmers/scl-153p,SCL Series
AYCL-153P,https://www.lutron.com/en-US/products/pages/dimmers/aycl-153p,AYCL Series
AYCL-253P,https://www.lutron.com/en-US/products/pages/dimmers/aycl-253p,AYCL Series
NTCL-250,https://www.lutron.com/en-US/products/pages/dimmers/ntcl-250,NTCL Series
RCL-153PNL,https://www.lutron.com/en-US/products/pages/dimmers/rcl-153pnl,RCL Series
PD-6WCL,https://www.lutron.com/en-US/products/pages/dimmers/pd-6wcl,PD Series
PD-10NXD,https://www.lutron.com/en-US/products/pages/dimmers/pd-10nxd,PD Series
MACL-153M,https://www.lutron.com/en-US/products/pages/dimmers/macl-153m,MACL Series
MACL-LFQ,https://www.lutron.com/en-US/products/pages/dimmers/macl-lfq,MACL Series
MSCL-OP153M,https://www.lutron.com/en-US/products/pages/dimmers/mscl-op153m,MSCL Series
STCL-153PR,https://www.lutron.com/en-US/products/pages/dimmers/stcl-153pr,STCL Series
